{ Latitude: -37.0080986, Longitude: 174.7920074 }, {Latitude :-34.5592, Longitude: -58.4156},2
{ Latitude: -37.0080986, Longitude: 174.7920074 }, {Latitude :-34.8222, Longitude: -58.5358},2
{ Latitude: -37.0080986, Longitude: 174.7920074 }, {Latitude :21.32062, Longitude: -157.924228},2
{ Latitude: -37.0080986, Longitude: 174.7920074 }, {Latitude :21.32062, Longitude: -157.924228},2
{ Latitude: -37.0080986, Longitude: 174.7920074 }, {Latitude :29.9843998, Longitude: -95.34140015},2
{ Latitude: -37.0080986, Longitude: 174.7920074 }, {Latitude :29.9843998, Longitude: -95.34140015},2
{ Latitude: -37.0080986, Longitude: 174.7920074 }, {Latitude :29.9843998, Longitude: -95.34140015},2
{ Latitude: -37.0080986, Longitude: 174.7920074 }, {Latitude :29.9843998, Longitude: -95.34140015},2
{ Latitude: -37.0080986, Longitude: 174.7920074 }, {Latitude :29.9843998, Longitude: -95.34140015},2
{ Latitude: -37.0080986, Longitude: 174.7920074 }, {Latitude :29.9843998, Longitude: -95.34140015},2
{ Latitude: -37.0080986, Longitude: 174.7920074 }, {Latitude :29.9843998, Longitude: -95.34140015},2
{ Latitude: -37.0080986, Longitude: 174.7920074 }, {Latitude :29.9843998, Longitude: -95.34140015},2
{ Latitude: -37.0080986, Longitude: 174.7920074 }, {Latitude :29.9843998, Longitude: -95.34140015},2
{ Latitude: -37.0080986, Longitude: 174.7920074 }, {Latitude :29.9843998, Longitude: -95.34140015},2
{ Latitude: -37.0080986, Longitude: 174.7920074 }, {Latitude :29.9843998, Longitude: -95.34140015},2
{ Latitude: -37.0080986, Longitude: 174.7920074 }, {Latitude :29.9843998, Longitude: -95.34140015},2
{ Latitude: -37.0080986, Longitude: 174.7920074 }, {Latitude :29.9843998, Longitude: -95.34140015},2
{ Latitude: -37.0080986, Longitude: 174.7920074 }, {Latitude :29.9843998, Longitude: -95.34140015},2
{ Latitude: -37.0080986, Longitude: 174.7920074 }, {Latitude :29.9843998, Longitude: -95.34140015},2
{ Latitude: -37.0080986, Longitude: 174.7920074 }, {Latitude :29.9843998, Longitude: -95.34140015},2
{ Latitude: -37.0080986, Longitude: 174.7920074 }, {Latitude :29.9843998, Longitude: -95.34140015},2
{ Latitude: -37.0080986, Longitude: 174.7920074 }, {Latitude :29.9843998, Longitude: -95.34140015},2
{ Latitude: -37.0080986, Longitude: 174.7920074 }, {Latitude :29.9843998, Longitude: -95.34140015},2
{ Latitude: -37.0080986, Longitude: 174.7920074 }, {Latitude :29.9843998, Longitude: -95.34140015},2
{ Latitude: -37.0080986, Longitude: 174.7920074 }, {Latitude :29.9843998, Longitude: -95.34140015},2
{ Latitude: -37.0080986, Longitude: 174.7920074 }, {Latitude :29.9843998, Longitude: -95.34140015},2
{ Latitude: -37.0080986, Longitude: 174.7920074 }, {Latitude :29.9843998, Longitude: -95.34140015},2
{ Latitude: -37.0080986, Longitude: 174.7920074 }, {Latitude :33.94250107, Longitude: -118.4079971},2
{ Latitude: -37.0080986, Longitude: 174.7920074 }, {Latitude :33.94250107, Longitude: -118.4079971},2
{ Latitude: -37.0080986, Longitude: 174.7920074 }, {Latitude :33.94250107, Longitude: -118.4079971},2
{ Latitude: -37.0080986, Longitude: 174.7920074 }, {Latitude :33.94250107, Longitude: -118.4079971},2
{ Latitude: -37.0080986, Longitude: 174.7920074 }, {Latitude :-33.39300156, Longitude: -70.78579712},2
{ Latitude: -37.0080986, Longitude: 174.7920074 }, {Latitude :-33.39300156, Longitude: -70.78579712},2
{ Latitude: -37.0080986, Longitude: 174.7920074 }, {Latitude :-33.39300156, Longitude: -70.78579712},2
{ Latitude: -37.0080986, Longitude: 174.7920074 }, {Latitude :-33.39300156, Longitude: -70.78579712},2
{ Latitude: -37.0080986, Longitude: 174.7920074 }, {Latitude :-33.39300156, Longitude: -70.78579712},2
{ Latitude: -37.0080986, Longitude: 174.7920074 }, {Latitude :-33.39300156, Longitude: -70.78579712},2
{ Latitude: -37.0080986, Longitude: 174.7920074 }, {Latitude :-33.39300156, Longitude: -70.78579712},2
{ Latitude: -37.0080986, Longitude: 174.7920074 }, {Latitude :-33.39300156, Longitude: -70.78579712},2
{ Latitude: -37.0080986, Longitude: 174.7920074 }, {Latitude :-33.39300156, Longitude: -70.78579712},2
{ Latitude: -37.0080986, Longitude: 174.7920074 }, {Latitude :-33.39300156, Longitude: -70.78579712},2
{ Latitude: -37.0080986, Longitude: 174.7920074 }, {Latitude :-33.39300156, Longitude: -70.78579712},2
{ Latitude: -37.0080986, Longitude: 174.7920074 }, {Latitude :-33.39300156, Longitude: -70.78579712},2
{ Latitude: -37.0080986, Longitude: 174.7920074 }, {Latitude :-33.39300156, Longitude: -70.78579712},2
{ Latitude: -37.0080986, Longitude: 174.7920074 }, {Latitude :-33.39300156, Longitude: -70.78579712},2
{ Latitude: -37.0080986, Longitude: 174.7920074 }, {Latitude :-33.39300156, Longitude: -70.78579712},2
{ Latitude: -37.0080986, Longitude: 174.7920074 }, {Latitude :-33.39300156, Longitude: -70.78579712},2
{ Latitude: -37.0080986, Longitude: 174.7920074 }, {Latitude :37.61899948, Longitude: -122.375},2
{ Latitude: -37.0080986, Longitude: 174.7920074 }, {Latitude :37.61899948, Longitude: -122.375},2
{ Latitude: -37.0080986, Longitude: 174.7920074 }, {Latitude :37.61899948, Longitude: -122.375},2
{ Latitude: -37.0080986, Longitude: 174.7920074 }, {Latitude :37.61899948, Longitude: -122.375},2
{ Latitude: -37.0080986, Longitude: 174.7920074 }, {Latitude :37.61899948, Longitude: -122.375},2
{ Latitude: -37.0080986, Longitude: 174.7920074 }, {Latitude :37.61899948, Longitude: -122.375},2
{ Latitude: -37.0080986, Longitude: 174.7920074 }, {Latitude :37.61899948, Longitude: -122.375},2
{ Latitude: -37.0080986, Longitude: 174.7920074 }, {Latitude :37.61899948, Longitude: -122.375},2
{ Latitude: -37.0080986, Longitude: 174.7920074 }, {Latitude :37.61899948, Longitude: -122.375},2
{ Latitude: -37.0080986, Longitude: 174.7920074 }, {Latitude :37.61899948, Longitude: -122.375},2
{ Latitude: -37.0080986, Longitude: 174.7920074 }, {Latitude :37.61899948, Longitude: -122.375},2
{ Latitude: -37.0080986, Longitude: 174.7920074 }, {Latitude :37.61899948, Longitude: -122.375},2
{ Latitude: -37.0080986, Longitude: 174.7920074 }, {Latitude :49.19390106, Longitude: -123.1839981},2
{ Latitude: 13.68109989, Longitude: 100.7470016 }, {Latitude :59.65190125, Longitude: 17.91860008},2
{ Latitude: 13.68109989, Longitude: 100.7470016 }, {Latitude :59.65190125, Longitude: 17.91860008},2
{ Latitude: 13.68109989, Longitude: 100.7470016 }, {Latitude :59.65190125, Longitude: 17.91860008},2
{ Latitude: 13.68109989, Longitude: 100.7470016 }, {Latitude :59.65190125, Longitude: 17.91860008},2
{ Latitude: 13.68109989, Longitude: 100.7470016 }, {Latitude :59.65190125, Longitude: 17.91860008},2
{ Latitude: 13.68109989, Longitude: 100.7470016 }, {Latitude :50.90140152, Longitude: 4.48443985},2
{ Latitude: 13.68109989, Longitude: 100.7470016 }, {Latitude :50.90140152, Longitude: 4.48443985},2
{ Latitude: 13.68109989, Longitude: 100.7470016 }, {Latitude :55.61790085, Longitude: 12.65600014},2
{ Latitude: 13.68109989, Longitude: 100.7470016 }, {Latitude :55.61790085, Longitude: 12.65600014},2
{ Latitude: 13.68109989, Longitude: 100.7470016 }, {Latitude :55.61790085, Longitude: 12.65600014},2
{ Latitude: 13.68109989, Longitude: 100.7470016 }, {Latitude :55.61790085, Longitude: 12.65600014},2
{ Latitude: 13.68109989, Longitude: 100.7470016 }, {Latitude :55.61790085, Longitude: 12.65600014},2
{ Latitude: 13.68109989, Longitude: 100.7470016 }, {Latitude :55.61790085, Longitude: 12.65600014},2
{ Latitude: 13.68109989, Longitude: 100.7470016 }, {Latitude :55.61790085, Longitude: 12.65600014},2
{ Latitude: 13.68109989, Longitude: 100.7470016 }, {Latitude :50.033333, Longitude: 8.570556},2
{ Latitude: 13.68109989, Longitude: 100.7470016 }, {Latitude :50.033333, Longitude: 8.570556},2
{ Latitude: 13.68109989, Longitude: 100.7470016 }, {Latitude :50.033333, Longitude: 8.570556},2
{ Latitude: 13.68109989, Longitude: 100.7470016 }, {Latitude :50.033333, Longitude: 8.570556},2
{ Latitude: 13.68109989, Longitude: 100.7470016 }, {Latitude :50.033333, Longitude: 8.570556},2
{ Latitude: 13.68109989, Longitude: 100.7470016 }, {Latitude :50.033333, Longitude: 8.570556},2
{ Latitude: 13.68109989, Longitude: 100.7470016 }, {Latitude :50.033333, Longitude: 8.570556},2
{ Latitude: 13.68109989, Longitude: 100.7470016 }, {Latitude :50.033333, Longitude: 8.570556},2
{ Latitude: 13.68109989, Longitude: 100.7470016 }, {Latitude :40.97689819, Longitude: 28.81459999},2
{ Latitude: 13.68109989, Longitude: 100.7470016 }, {Latitude :40.97689819, Longitude: 28.81459999},2
{ Latitude: 13.68109989, Longitude: 100.7470016 }, {Latitude :40.97689819, Longitude: 28.81459999},2
{ Latitude: 13.68109989, Longitude: 100.7470016 }, {Latitude :40.97689819, Longitude: 28.81459999},2
{ Latitude: 13.68109989, Longitude: 100.7470016 }, {Latitude :40.97689819, Longitude: 28.81459999},2
{ Latitude: 13.68109989, Longitude: 100.7470016 }, {Latitude :40.97689819, Longitude: 28.81459999},2
{ Latitude: 13.68109989, Longitude: 100.7470016 }, {Latitude :40.97689819, Longitude: 28.81459999},2
{ Latitude: 13.68109989, Longitude: 100.7470016 }, {Latitude :40.97689819, Longitude: 28.81459999},2
{ Latitude: 13.68109989, Longitude: 100.7470016 }, {Latitude :60.19390106, Longitude: 11.10039997},2
{ Latitude: 13.68109989, Longitude: 100.7470016 }, {Latitude :60.19390106, Longitude: 11.10039997},2
{ Latitude: 13.68109989, Longitude: 100.7470016 }, {Latitude :60.19390106, Longitude: 11.10039997},2
{ Latitude: 13.68109989, Longitude: 100.7470016 }, {Latitude :60.19390106, Longitude: 11.10039997},2
{ Latitude: 13.68109989, Longitude: 100.7470016 }, {Latitude :60.19390106, Longitude: 11.10039997},2
{ Latitude: 13.68109989, Longitude: 100.7470016 }, {Latitude :40.89860153, Longitude: 29.30920029},2
{ Latitude: 13.68109989, Longitude: 100.7470016 }, {Latitude :48.11029816, Longitude: 16.56970024},2
{ Latitude: 13.68109989, Longitude: 100.7470016 }, {Latitude :48.11029816, Longitude: 16.56970024},2
{ Latitude: 13.68109989, Longitude: 100.7470016 }, {Latitude :48.11029816, Longitude: 16.56970024},2
{ Latitude: 13.68109989, Longitude: 100.7470016 }, {Latitude :48.11029816, Longitude: 16.56970024},2
{ Latitude: 13.68109989, Longitude: 100.7470016 }, {Latitude :48.11029816, Longitude: 16.56970024},2
{ Latitude: 13.68109989, Longitude: 100.7470016 }, {Latitude :48.11029816, Longitude: 16.56970024},2
{ Latitude: -16.88579941, Longitude: 145.7550049 }, {Latitude :22.32030404, Longitude: 114.1980743},2
{ Latitude: -16.88579941, Longitude: 145.7550049 }, {Latitude :22.32030404, Longitude: 114.1980743},2
{ Latitude: -16.88579941, Longitude: 145.7550049 }, {Latitude :22.32030404, Longitude: 114.1980743},2
{ Latitude: -16.88579941, Longitude: 145.7550049 }, {Latitude :22.32030404, Longitude: 114.1980743},2
{ Latitude: 22.32030404, Longitude: 114.1980743 }, {Latitude :60.31719971, Longitude: 24.9633007},2
{ Latitude: 22.32030404, Longitude: 114.1980743 }, {Latitude :60.31719971, Longitude: 24.9633007},2
{ Latitude: 22.32030404, Longitude: 114.1980743 }, {Latitude :60.31719971, Longitude: 24.9633007},2
{ Latitude: 22.32030404, Longitude: 114.1980743 }, {Latitude :60.31719971, Longitude: 24.9633007},2
{ Latitude: 22.32030404, Longitude: 114.1980743 }, {Latitude :60.31719971, Longitude: 24.9633007},2
{ Latitude: 22.32030404, Longitude: 114.1980743 }, {Latitude :60.31719971, Longitude: 24.9633007},2
{ Latitude: 22.32030404, Longitude: 114.1980743 }, {Latitude :60.31719971, Longitude: 24.9633007},2
{ Latitude: 22.32030404, Longitude: 114.1980743 }, {Latitude :60.31719971, Longitude: 24.9633007},2
{ Latitude: 22.32030404, Longitude: 114.1980743 }, {Latitude :60.31719971, Longitude: 24.9633007},2
{ Latitude: 22.32030404, Longitude: 114.1980743 }, {Latitude :60.31719971, Longitude: 24.9633007},2
{ Latitude: 22.32030404, Longitude: 114.1980743 }, {Latitude :60.31719971, Longitude: 24.9633007},2
{ Latitude: 22.32030404, Longitude: 114.1980743 }, {Latitude :60.31719971, Longitude: 24.9633007},2
{ Latitude: 22.32030404, Longitude: 114.1980743 }, {Latitude :60.31719971, Longitude: 24.9633007},2
{ Latitude: 22.32030404, Longitude: 114.1980743 }, {Latitude :60.31719971, Longitude: 24.9633007},2
{ Latitude: 22.32030404, Longitude: 114.1980743 }, {Latitude :60.31719971, Longitude: 24.9633007},2
{ Latitude: 22.32030404, Longitude: 114.1980743 }, {Latitude :60.31719971, Longitude: 24.9633007},2
{ Latitude: 22.32030404, Longitude: 114.1980743 }, {Latitude :60.31719971, Longitude: 24.9633007},2
{ Latitude: 22.32030404, Longitude: 114.1980743 }, {Latitude :60.31719971, Longitude: 24.9633007},2
{ Latitude: 22.32030404, Longitude: 114.1980743 }, {Latitude :60.31719971, Longitude: 24.9633007},2
{ Latitude: 22.32030404, Longitude: 114.1980743 }, {Latitude :51.14810181, Longitude: -0.190277994},2
{ Latitude: 22.32030404, Longitude: 114.1980743 }, {Latitude :51.14810181, Longitude: -0.190277994},2
{ Latitude: 22.32030404, Longitude: 114.1980743 }, {Latitude :51.4706, Longitude: -0.461941},2
{ Latitude: 22.32030404, Longitude: 114.1980743 }, {Latitude :51.4706, Longitude: -0.461941},2
{ Latitude: 22.32030404, Longitude: 114.1980743 }, {Latitude :51.4706, Longitude: -0.461941},2
{ Latitude: 22.32030404, Longitude: 114.1980743 }, {Latitude :51.4706, Longitude: -0.461941},2
{ Latitude: 22.32030404, Longitude: 114.1980743 }, {Latitude :51.4706, Longitude: -0.461941},2
{ Latitude: 22.32030404, Longitude: 114.1980743 }, {Latitude :51.4706, Longitude: -0.461941},2
{ Latitude: 22.32030404, Longitude: 114.1980743 }, {Latitude :51.4706, Longitude: -0.461941},2
{ Latitude: 22.32030404, Longitude: 114.1980743 }, {Latitude :51.4706, Longitude: -0.461941},2
{ Latitude: 22.32030404, Longitude: 114.1980743 }, {Latitude :51.4706, Longitude: -0.461941},2
{ Latitude: 21.32062, Longitude: -157.924228 }, {Latitude :40.63980103, Longitude: -73.77890015},2
{ Latitude: 21.32062, Longitude: -157.924228 }, {Latitude :40.63980103, Longitude: -73.77890015},2
{ Latitude: -37.673302, Longitude: 144.843002 }, {Latitude :24.43300056, Longitude: 54.65110016},2
{ Latitude: -37.673302, Longitude: 144.843002 }, {Latitude :24.43300056, Longitude: 54.65110016},2
{ Latitude: -37.673302, Longitude: 144.843002 }, {Latitude :24.43300056, Longitude: 54.65110016},2
{ Latitude: -37.673302, Longitude: 144.843002 }, {Latitude :24.43300056, Longitude: 54.65110016},2
{ Latitude: -37.673302, Longitude: 144.843002 }, {Latitude :24.43300056, Longitude: 54.65110016},2
{ Latitude: -37.673302, Longitude: 144.843002 }, {Latitude :24.43300056, Longitude: 54.65110016},2
{ Latitude: -37.673302, Longitude: 144.843002 }, {Latitude :24.43300056, Longitude: 54.65110016},2
{ Latitude: -37.673302, Longitude: 144.843002 }, {Latitude :24.43300056, Longitude: 54.65110016},2
{ Latitude: -37.673302, Longitude: 144.843002 }, {Latitude :24.43300056, Longitude: 54.65110016},2
{ Latitude: -37.673302, Longitude: 144.843002 }, {Latitude :24.43300056, Longitude: 54.65110016},2
{ Latitude: -37.673302, Longitude: 144.843002 }, {Latitude :24.43300056, Longitude: 54.65110016},2
{ Latitude: -37.673302, Longitude: 144.843002 }, {Latitude :24.43300056, Longitude: 54.65110016},2
{ Latitude: -37.673302, Longitude: 144.843002 }, {Latitude :24.43300056, Longitude: 54.65110016},2
{ Latitude: -37.673302, Longitude: 144.843002 }, {Latitude :24.43300056, Longitude: 54.65110016},2
{ Latitude: -37.673302, Longitude: 144.843002 }, {Latitude :24.43300056, Longitude: 54.65110016},2
{ Latitude: -37.673302, Longitude: 144.843002 }, {Latitude :24.43300056, Longitude: 54.65110016},2
{ Latitude: -37.673302, Longitude: 144.843002 }, {Latitude :24.43300056, Longitude: 54.65110016},2
{ Latitude: -37.673302, Longitude: 144.843002 }, {Latitude :24.43300056, Longitude: 54.65110016},2
{ Latitude: -37.673302, Longitude: 144.843002 }, {Latitude :23.39240074, Longitude: 113.2990036},2
{ Latitude: -37.673302, Longitude: 144.843002 }, {Latitude :23.39240074, Longitude: 113.2990036},2
{ Latitude: -37.673302, Longitude: 144.843002 }, {Latitude :23.39240074, Longitude: 113.2990036},2
{ Latitude: -37.673302, Longitude: 144.843002 }, {Latitude :23.39240074, Longitude: 113.2990036},2
{ Latitude: -37.673302, Longitude: 144.843002 }, {Latitude :23.39240074, Longitude: 113.2990036},2
{ Latitude: -37.673302, Longitude: 144.843002 }, {Latitude :23.39240074, Longitude: 113.2990036},2
{ Latitude: -37.673302, Longitude: 144.843002 }, {Latitude :23.39240074, Longitude: 113.2990036},2
{ Latitude: -37.673302, Longitude: 144.843002 }, {Latitude :23.39240074, Longitude: 113.2990036},2
{ Latitude: -37.673302, Longitude: 144.843002 }, {Latitude :23.39240074, Longitude: 113.2990036},2
{ Latitude: -37.673302, Longitude: 144.843002 }, {Latitude :23.39240074, Longitude: 113.2990036},2
{ Latitude: -37.673302, Longitude: 144.843002 }, {Latitude :23.39240074, Longitude: 113.2990036},2
{ Latitude: -37.673302, Longitude: 144.843002 }, {Latitude :23.39240074, Longitude: 113.2990036},2
{ Latitude: -37.673302, Longitude: 144.843002 }, {Latitude :23.39240074, Longitude: 113.2990036},2
{ Latitude: -37.673302, Longitude: 144.843002 }, {Latitude :23.39240074, Longitude: 113.2990036},2
{ Latitude: -37.673302, Longitude: 144.843002 }, {Latitude :23.39240074, Longitude: 113.2990036},2
{ Latitude: -37.673302, Longitude: 144.843002 }, {Latitude :23.39240074, Longitude: 113.2990036},2
{ Latitude: -37.673302, Longitude: 144.843002 }, {Latitude :23.39240074, Longitude: 113.2990036},2
{ Latitude: -37.673302, Longitude: 144.843002 }, {Latitude :23.39240074, Longitude: 113.2990036},2
{ Latitude: -37.673302, Longitude: 144.843002 }, {Latitude :23.39240074, Longitude: 113.2990036},2
{ Latitude: -37.673302, Longitude: 144.843002 }, {Latitude :23.39240074, Longitude: 113.2990036},2
{ Latitude: -37.673302, Longitude: 144.843002 }, {Latitude :23.39240074, Longitude: 113.2990036},2
{ Latitude: -37.673302, Longitude: 144.843002 }, {Latitude :23.39240074, Longitude: 113.2990036},2
{ Latitude: -37.673302, Longitude: 144.843002 }, {Latitude :23.39240074, Longitude: 113.2990036},2
{ Latitude: -37.673302, Longitude: 144.843002 }, {Latitude :23.39240074, Longitude: 113.2990036},2
{ Latitude: -37.673302, Longitude: 144.843002 }, {Latitude :23.39240074, Longitude: 113.2990036},2
{ Latitude: -37.673302, Longitude: 144.843002 }, {Latitude :23.39240074, Longitude: 113.2990036},2
{ Latitude: -37.673302, Longitude: 144.843002 }, {Latitude :23.39240074, Longitude: 113.2990036},2
{ Latitude: -37.673302, Longitude: 144.843002 }, {Latitude :23.39240074, Longitude: 113.2990036},2
{ Latitude: -37.673302, Longitude: 144.843002 }, {Latitude :23.39240074, Longitude: 113.2990036},2
{ Latitude: -37.673302, Longitude: 144.843002 }, {Latitude :23.39240074, Longitude: 113.2990036},2
{ Latitude: -37.673302, Longitude: 144.843002 }, {Latitude :23.39240074, Longitude: 113.2990036},2
{ Latitude: -37.673302, Longitude: 144.843002 }, {Latitude :23.39240074, Longitude: 113.2990036},2
{ Latitude: -37.673302, Longitude: 144.843002 }, {Latitude :23.39240074, Longitude: 113.2990036},2
{ Latitude: -37.673302, Longitude: 144.843002 }, {Latitude :23.39240074, Longitude: 113.2990036},2
{ Latitude: -37.673302, Longitude: 144.843002 }, {Latitude :23.39240074, Longitude: 113.2990036},2
{ Latitude: -37.673302, Longitude: 144.843002 }, {Latitude :23.39240074, Longitude: 113.2990036},2
{ Latitude: -37.673302, Longitude: 144.843002 }, {Latitude :23.39240074, Longitude: 113.2990036},2
{ Latitude: -37.673302, Longitude: 144.843002 }, {Latitude :23.39240074, Longitude: 113.2990036},2
{ Latitude: -37.673302, Longitude: 144.843002 }, {Latitude :23.39240074, Longitude: 113.2990036},2
{ Latitude: -37.673302, Longitude: 144.843002 }, {Latitude :23.39240074, Longitude: 113.2990036},2
{ Latitude: -37.673302, Longitude: 144.843002 }, {Latitude :31.14340019, Longitude: 121.8050003},2
{ Latitude: -37.673302, Longitude: 144.843002 }, {Latitude :31.14340019, Longitude: 121.8050003},2
{ Latitude: -37.673302, Longitude: 144.843002 }, {Latitude :31.14340019, Longitude: 121.8050003},2
{ Latitude: -37.673302, Longitude: 144.843002 }, {Latitude :31.14340019, Longitude: 121.8050003},2
{ Latitude: -37.673302, Longitude: 144.843002 }, {Latitude :31.14340019, Longitude: 121.8050003},2
{ Latitude: -37.673302, Longitude: 144.843002 }, {Latitude :31.14340019, Longitude: 121.8050003},2
{ Latitude: -37.673302, Longitude: 144.843002 }, {Latitude :31.14340019, Longitude: 121.8050003},2
{ Latitude: -37.673302, Longitude: 144.843002 }, {Latitude :31.14340019, Longitude: 121.8050003},2
{ Latitude: -37.673302, Longitude: 144.843002 }, {Latitude :31.14340019, Longitude: 121.8050003},2
{ Latitude: -37.673302, Longitude: 144.843002 }, {Latitude :31.14340019, Longitude: 121.8050003},2
{ Latitude: -37.673302, Longitude: 144.843002 }, {Latitude :31.14340019, Longitude: 121.8050003},2
{ Latitude: -37.673302, Longitude: 144.843002 }, {Latitude :31.14340019, Longitude: 121.8050003},2
{ Latitude: -37.673302, Longitude: 144.843002 }, {Latitude :31.14340019, Longitude: 121.8050003},2
{ Latitude: -37.673302, Longitude: 144.843002 }, {Latitude :31.14340019, Longitude: 121.8050003},2
{ Latitude: -37.673302, Longitude: 144.843002 }, {Latitude :31.14340019, Longitude: 121.8050003},2
{ Latitude: -37.673302, Longitude: 144.843002 }, {Latitude :31.14340019, Longitude: 121.8050003},2
{ Latitude: -37.673302, Longitude: 144.843002 }, {Latitude :31.14340019, Longitude: 121.8050003},2
{ Latitude: -37.673302, Longitude: 144.843002 }, {Latitude :31.14340019, Longitude: 121.8050003},2
{ Latitude: -37.673302, Longitude: 144.843002 }, {Latitude :31.14340019, Longitude: 121.8050003},2
{ Latitude: -37.673302, Longitude: 144.843002 }, {Latitude :31.19790077, Longitude: 121.3359985},2
{ Latitude: -37.673302, Longitude: 144.843002 }, {Latitude :31.19790077, Longitude: 121.3359985},2
{ Latitude: -37.673302, Longitude: 144.843002 }, {Latitude :1.35019, Longitude: 103.994003},2
{ Latitude: -31.94029999, Longitude: 115.9670029 }, {Latitude :-26.1392, Longitude: 28.246},2
{ Latitude: -31.94029999, Longitude: 115.9670029 }, {Latitude :-26.1392, Longitude: 28.246},2
{ Latitude: -31.94029999, Longitude: 115.9670029 }, {Latitude :-26.1392, Longitude: 28.246},2
{ Latitude: -31.94029999, Longitude: 115.9670029 }, {Latitude :-26.1392, Longitude: 28.246},2
{ Latitude: -31.94029999, Longitude: 115.9670029 }, {Latitude :-26.1392, Longitude: 28.246},2
{ Latitude: -31.94029999, Longitude: 115.9670029 }, {Latitude :-26.1392, Longitude: 28.246},2
{ Latitude: -31.94029999, Longitude: 115.9670029 }, {Latitude :-26.1392, Longitude: 28.246},2
{ Latitude: -31.94029999, Longitude: 115.9670029 }, {Latitude :-26.1392, Longitude: 28.246},2
{ Latitude: -31.94029999, Longitude: 115.9670029 }, {Latitude :-26.1392, Longitude: 28.246},2
{ Latitude: -31.94029999, Longitude: 115.9670029 }, {Latitude :-26.1392, Longitude: 28.246},2
{ Latitude: -31.94029999, Longitude: 115.9670029 }, {Latitude :-26.1392, Longitude: 28.246},2
{ Latitude: -31.94029999, Longitude: 115.9670029 }, {Latitude :-26.1392, Longitude: 28.246},2
{ Latitude: -31.94029999, Longitude: 115.9670029 }, {Latitude :-26.1392, Longitude: 28.246},2
{ Latitude: -31.94029999, Longitude: 115.9670029 }, {Latitude :-26.1392, Longitude: 28.246},2
{ Latitude: -31.94029999, Longitude: 115.9670029 }, {Latitude :-26.1392, Longitude: 28.246},2
{ Latitude: -31.94029999, Longitude: 115.9670029 }, {Latitude :-26.1392, Longitude: 28.246},2
{ Latitude: -31.94029999, Longitude: 115.9670029 }, {Latitude :-26.1392, Longitude: 28.246},2
{ Latitude: -31.94029999, Longitude: 115.9670029 }, {Latitude :-26.1392, Longitude: 28.246},2
{ Latitude: -31.94029999, Longitude: 115.9670029 }, {Latitude :-26.1392, Longitude: 28.246},2
{ Latitude: -31.94029999, Longitude: 115.9670029 }, {Latitude :-26.1392, Longitude: 28.246},2
{ Latitude: -31.94029999, Longitude: 115.9670029 }, {Latitude :-20.43020058, Longitude: 57.68360138},2
{ Latitude: 31.14340019, Longitude: 121.8050003 }, {Latitude :55.972599, Longitude: 37.4146},2
{ Latitude: 31.14340019, Longitude: 121.8050003 }, {Latitude :55.972599, Longitude: 37.4146},2
{ Latitude: 31.14340019, Longitude: 121.8050003 }, {Latitude :55.972599, Longitude: 37.4146},2
{ Latitude: 1.35019, Longitude: 103.994003 }, {Latitude :49.01279831, Longitude: 2.549999952},2
{ Latitude: 1.35019, Longitude: 103.994003 }, {Latitude :55.61790085, Longitude: 12.65600014},2
{ Latitude: 1.35019, Longitude: 103.994003 }, {Latitude :55.61790085, Longitude: 12.65600014},2
{ Latitude: 1.35019, Longitude: 103.994003 }, {Latitude :55.61790085, Longitude: 12.65600014},2
{ Latitude: 1.35019, Longitude: 103.994003 }, {Latitude :55.61790085, Longitude: 12.65600014},2
{ Latitude: 1.35019, Longitude: 103.994003 }, {Latitude :55.61790085, Longitude: 12.65600014},2
{ Latitude: 1.35019, Longitude: 103.994003 }, {Latitude :55.61790085, Longitude: 12.65600014},2
{ Latitude: 1.35019, Longitude: 103.994003 }, {Latitude :55.61790085, Longitude: 12.65600014},2
{ Latitude: 1.35019, Longitude: 103.994003 }, {Latitude :55.61790085, Longitude: 12.65600014},2
{ Latitude: 1.35019, Longitude: 103.994003 }, {Latitude :55.61790085, Longitude: 12.65600014},2
{ Latitude: 1.35019, Longitude: 103.994003 }, {Latitude :55.40879822, Longitude: 37.90629959},2
{ Latitude: 1.35019, Longitude: 103.994003 }, {Latitude :55.40879822, Longitude: 37.90629959},2
{ Latitude: 1.35019, Longitude: 103.994003 }, {Latitude :55.40879822, Longitude: 37.90629959},2
{ Latitude: 1.35019, Longitude: 103.994003 }, {Latitude :55.40879822, Longitude: 37.90629959},2
{ Latitude: 1.35019, Longitude: 103.994003 }, {Latitude :55.40879822, Longitude: 37.90629959},2
{ Latitude: 1.35019, Longitude: 103.994003 }, {Latitude :55.40879822, Longitude: 37.90629959},2
{ Latitude: 1.35019, Longitude: 103.994003 }, {Latitude :55.40879822, Longitude: 37.90629959},2
{ Latitude: 1.35019, Longitude: 103.994003 }, {Latitude :55.40879822, Longitude: 37.90629959},2
{ Latitude: 1.35019, Longitude: 103.994003 }, {Latitude :55.40879822, Longitude: 37.90629959},2
{ Latitude: 1.35019, Longitude: 103.994003 }, {Latitude :55.40879822, Longitude: 37.90629959},2
{ Latitude: 1.35019, Longitude: 103.994003 }, {Latitude :25.25279999, Longitude: 55.36439896},2
{ Latitude: 1.35019, Longitude: 103.994003 }, {Latitude :25.25279999, Longitude: 55.36439896},2
{ Latitude: 1.35019, Longitude: 103.994003 }, {Latitude :25.25279999, Longitude: 55.36439896},2
{ Latitude: 1.35019, Longitude: 103.994003 }, {Latitude :25.25279999, Longitude: 55.36439896},2
{ Latitude: 1.35019, Longitude: 103.994003 }, {Latitude :25.25279999, Longitude: 55.36439896},2
{ Latitude: 1.35019, Longitude: 103.994003 }, {Latitude :25.25279999, Longitude: 55.36439896},2
{ Latitude: 1.35019, Longitude: 103.994003 }, {Latitude :25.25279999, Longitude: 55.36439896},2
{ Latitude: 1.35019, Longitude: 103.994003 }, {Latitude :25.25279999, Longitude: 55.36439896},2
{ Latitude: 1.35019, Longitude: 103.994003 }, {Latitude :25.25279999, Longitude: 55.36439896},2
{ Latitude: 1.35019, Longitude: 103.994003 }, {Latitude :25.25279999, Longitude: 55.36439896},2
{ Latitude: 1.35019, Longitude: 103.994003 }, {Latitude :25.25279999, Longitude: 55.36439896},2
{ Latitude: 1.35019, Longitude: 103.994003 }, {Latitude :25.25279999, Longitude: 55.36439896},2
{ Latitude: 1.35019, Longitude: 103.994003 }, {Latitude :25.25279999, Longitude: 55.36439896},2
{ Latitude: 1.35019, Longitude: 103.994003 }, {Latitude :25.25279999, Longitude: 55.36439896},2
{ Latitude: 1.35019, Longitude: 103.994003 }, {Latitude :25.25279999, Longitude: 55.36439896},2
{ Latitude: 1.35019, Longitude: 103.994003 }, {Latitude :25.25279999, Longitude: 55.36439896},2
{ Latitude: 1.35019, Longitude: 103.994003 }, {Latitude :25.25279999, Longitude: 55.36439896},2
{ Latitude: 1.35019, Longitude: 103.994003 }, {Latitude :25.25279999, Longitude: 55.36439896},2
{ Latitude: 1.35019, Longitude: 103.994003 }, {Latitude :25.25279999, Longitude: 55.36439896},2
{ Latitude: 1.35019, Longitude: 103.994003 }, {Latitude :25.25279999, Longitude: 55.36439896},2
{ Latitude: 1.35019, Longitude: 103.994003 }, {Latitude :25.25279999, Longitude: 55.36439896},2
{ Latitude: 1.35019, Longitude: 103.994003 }, {Latitude :25.25279999, Longitude: 55.36439896},2
{ Latitude: 1.35019, Longitude: 103.994003 }, {Latitude :25.25279999, Longitude: 55.36439896},2
{ Latitude: 1.35019, Longitude: 103.994003 }, {Latitude :25.25279999, Longitude: 55.36439896},2
{ Latitude: 1.35019, Longitude: 103.994003 }, {Latitude :25.25279999, Longitude: 55.36439896},2
{ Latitude: 1.35019, Longitude: 103.994003 }, {Latitude :25.25279999, Longitude: 55.36439896},2
{ Latitude: 1.35019, Longitude: 103.994003 }, {Latitude :25.25279999, Longitude: 55.36439896},2
{ Latitude: 1.35019, Longitude: 103.994003 }, {Latitude :25.25279999, Longitude: 55.36439896},2
{ Latitude: 1.35019, Longitude: 103.994003 }, {Latitude :25.25279999, Longitude: 55.36439896},2
{ Latitude: 1.35019, Longitude: 103.994003 }, {Latitude :41.8002778, Longitude: 12.2388889},2
{ Latitude: 1.35019, Longitude: 103.994003 }, {Latitude :50.033333, Longitude: 8.570556},2
{ Latitude: 1.35019, Longitude: 103.994003 }, {Latitude :50.033333, Longitude: 8.570556},2
{ Latitude: 1.35019, Longitude: 103.994003 }, {Latitude :50.033333, Longitude: 8.570556},2
{ Latitude: 1.35019, Longitude: 103.994003 }, {Latitude :50.033333, Longitude: 8.570556},2
{ Latitude: 1.35019, Longitude: 103.994003 }, {Latitude :50.033333, Longitude: 8.570556},2
{ Latitude: 1.35019, Longitude: 103.994003 }, {Latitude :50.033333, Longitude: 8.570556},2
{ Latitude: 1.35019, Longitude: 103.994003 }, {Latitude :50.033333, Longitude: 8.570556},2
{ Latitude: 1.35019, Longitude: 103.994003 }, {Latitude :50.033333, Longitude: 8.570556},2
{ Latitude: 1.35019, Longitude: 103.994003 }, {Latitude :50.033333, Longitude: 8.570556},2
{ Latitude: 1.35019, Longitude: 103.994003 }, {Latitude :50.033333, Longitude: 8.570556},2
{ Latitude: 1.35019, Longitude: 103.994003 }, {Latitude :50.033333, Longitude: 8.570556},2
{ Latitude: 1.35019, Longitude: 103.994003 }, {Latitude :50.033333, Longitude: 8.570556},2
{ Latitude: 1.35019, Longitude: 103.994003 }, {Latitude :50.033333, Longitude: 8.570556},2
{ Latitude: 1.35019, Longitude: 103.994003 }, {Latitude :50.033333, Longitude: 8.570556},2
{ Latitude: 1.35019, Longitude: 103.994003 }, {Latitude :50.033333, Longitude: 8.570556},2
{ Latitude: 1.35019, Longitude: 103.994003 }, {Latitude :50.033333, Longitude: 8.570556},2
{ Latitude: 1.35019, Longitude: 103.994003 }, {Latitude :50.033333, Longitude: 8.570556},2
{ Latitude: 1.35019, Longitude: 103.994003 }, {Latitude :50.033333, Longitude: 8.570556},2
{ Latitude: 1.35019, Longitude: 103.994003 }, {Latitude :50.033333, Longitude: 8.570556},2
{ Latitude: 1.35019, Longitude: 103.994003 }, {Latitude :50.033333, Longitude: 8.570556},2
{ Latitude: 1.35019, Longitude: 103.994003 }, {Latitude :50.033333, Longitude: 8.570556},2
{ Latitude: 1.35019, Longitude: 103.994003 }, {Latitude :50.033333, Longitude: 8.570556},2
{ Latitude: 1.35019, Longitude: 103.994003 }, {Latitude :50.033333, Longitude: 8.570556},2
{ Latitude: 1.35019, Longitude: 103.994003 }, {Latitude :50.033333, Longitude: 8.570556},2
{ Latitude: 1.35019, Longitude: 103.994003 }, {Latitude :50.033333, Longitude: 8.570556},2
{ Latitude: 1.35019, Longitude: 103.994003 }, {Latitude :50.033333, Longitude: 8.570556},2
{ Latitude: 1.35019, Longitude: 103.994003 }, {Latitude :50.033333, Longitude: 8.570556},2
{ Latitude: 1.35019, Longitude: 103.994003 }, {Latitude :50.033333, Longitude: 8.570556},2
{ Latitude: 1.35019, Longitude: 103.994003 }, {Latitude :50.033333, Longitude: 8.570556},2
{ Latitude: 1.35019, Longitude: 103.994003 }, {Latitude :50.033333, Longitude: 8.570556},2
{ Latitude: 1.35019, Longitude: 103.994003 }, {Latitude :50.033333, Longitude: 8.570556},2
{ Latitude: 1.35019, Longitude: 103.994003 }, {Latitude :50.033333, Longitude: 8.570556},2
{ Latitude: 1.35019, Longitude: 103.994003 }, {Latitude :50.033333, Longitude: 8.570556},2
{ Latitude: 1.35019, Longitude: 103.994003 }, {Latitude :50.033333, Longitude: 8.570556},2
{ Latitude: 1.35019, Longitude: 103.994003 }, {Latitude :50.033333, Longitude: 8.570556},2
{ Latitude: 1.35019, Longitude: 103.994003 }, {Latitude :50.033333, Longitude: 8.570556},2
{ Latitude: 1.35019, Longitude: 103.994003 }, {Latitude :50.033333, Longitude: 8.570556},2
{ Latitude: 1.35019, Longitude: 103.994003 }, {Latitude :50.033333, Longitude: 8.570556},2
{ Latitude: 1.35019, Longitude: 103.994003 }, {Latitude :60.31719971, Longitude: 24.9633007},2
{ Latitude: 1.35019, Longitude: 103.994003 }, {Latitude :60.31719971, Longitude: 24.9633007},2
{ Latitude: 1.35019, Longitude: 103.994003 }, {Latitude :60.31719971, Longitude: 24.9633007},2
{ Latitude: 1.35019, Longitude: 103.994003 }, {Latitude :60.31719971, Longitude: 24.9633007},2
{ Latitude: 1.35019, Longitude: 103.994003 }, {Latitude :60.31719971, Longitude: 24.9633007},2
{ Latitude: 1.35019, Longitude: 103.994003 }, {Latitude :60.31719971, Longitude: 24.9633007},2
{ Latitude: 1.35019, Longitude: 103.994003 }, {Latitude :60.31719971, Longitude: 24.9633007},2
{ Latitude: 1.35019, Longitude: 103.994003 }, {Latitude :60.31719971, Longitude: 24.9633007},2
{ Latitude: 1.35019, Longitude: 103.994003 }, {Latitude :60.31719971, Longitude: 24.9633007},2
{ Latitude: 1.35019, Longitude: 103.994003 }, {Latitude :60.31719971, Longitude: 24.9633007},2
{ Latitude: 1.35019, Longitude: 103.994003 }, {Latitude :60.31719971, Longitude: 24.9633007},2
{ Latitude: 1.35019, Longitude: 103.994003 }, {Latitude :60.31719971, Longitude: 24.9633007},2
{ Latitude: 1.35019, Longitude: 103.994003 }, {Latitude :60.31719971, Longitude: 24.9633007},2
{ Latitude: 1.35019, Longitude: 103.994003 }, {Latitude :60.31719971, Longitude: 24.9633007},2
{ Latitude: 1.35019, Longitude: 103.994003 }, {Latitude :40.97689819, Longitude: 28.81459999},2
{ Latitude: 1.35019, Longitude: 103.994003 }, {Latitude :40.97689819, Longitude: 28.81459999},2
{ Latitude: 1.35019, Longitude: 103.994003 }, {Latitude :40.97689819, Longitude: 28.81459999},2
{ Latitude: 1.35019, Longitude: 103.994003 }, {Latitude :40.97689819, Longitude: 28.81459999},2
{ Latitude: 1.35019, Longitude: 103.994003 }, {Latitude :40.97689819, Longitude: 28.81459999},2
{ Latitude: 1.35019, Longitude: 103.994003 }, {Latitude :40.97689819, Longitude: 28.81459999},2
{ Latitude: 1.35019, Longitude: 103.994003 }, {Latitude :40.97689819, Longitude: 28.81459999},2
{ Latitude: 1.35019, Longitude: 103.994003 }, {Latitude :40.97689819, Longitude: 28.81459999},2
{ Latitude: 1.35019, Longitude: 103.994003 }, {Latitude :40.97689819, Longitude: 28.81459999},2
{ Latitude: 1.35019, Longitude: 103.994003 }, {Latitude :40.97689819, Longitude: 28.81459999},2
{ Latitude: 1.35019, Longitude: 103.994003 }, {Latitude :40.97689819, Longitude: 28.81459999},2
{ Latitude: 1.35019, Longitude: 103.994003 }, {Latitude :40.97689819, Longitude: 28.81459999},2
{ Latitude: 1.35019, Longitude: 103.994003 }, {Latitude :40.97689819, Longitude: 28.81459999},2
{ Latitude: 1.35019, Longitude: 103.994003 }, {Latitude :40.97689819, Longitude: 28.81459999},2
{ Latitude: 1.35019, Longitude: 103.994003 }, {Latitude :40.97689819, Longitude: 28.81459999},2
{ Latitude: 1.35019, Longitude: 103.994003 }, {Latitude :40.97689819, Longitude: 28.81459999},2
{ Latitude: 1.35019, Longitude: 103.994003 }, {Latitude :40.97689819, Longitude: 28.81459999},2
{ Latitude: 1.35019, Longitude: 103.994003 }, {Latitude :40.97689819, Longitude: 28.81459999},2
{ Latitude: 1.35019, Longitude: 103.994003 }, {Latitude :40.97689819, Longitude: 28.81459999},2
{ Latitude: 1.35019, Longitude: 103.994003 }, {Latitude :40.97689819, Longitude: 28.81459999},2
{ Latitude: 1.35019, Longitude: 103.994003 }, {Latitude :40.97689819, Longitude: 28.81459999},2
{ Latitude: 1.35019, Longitude: 103.994003 }, {Latitude :40.97689819, Longitude: 28.81459999},2
{ Latitude: 1.35019, Longitude: 103.994003 }, {Latitude :40.97689819, Longitude: 28.81459999},2
{ Latitude: 1.35019, Longitude: 103.994003 }, {Latitude :40.97689819, Longitude: 28.81459999},2
{ Latitude: 1.35019, Longitude: 103.994003 }, {Latitude :40.97689819, Longitude: 28.81459999},2
{ Latitude: 1.35019, Longitude: 103.994003 }, {Latitude :40.97689819, Longitude: 28.81459999},2
{ Latitude: 1.35019, Longitude: 103.994003 }, {Latitude :40.97689819, Longitude: 28.81459999},2
{ Latitude: 1.35019, Longitude: 103.994003 }, {Latitude :40.97689819, Longitude: 28.81459999},2
{ Latitude: 1.35019, Longitude: 103.994003 }, {Latitude :40.97689819, Longitude: 28.81459999},2
{ Latitude: 1.35019, Longitude: 103.994003 }, {Latitude :40.97689819, Longitude: 28.81459999},2
{ Latitude: 1.35019, Longitude: 103.994003 }, {Latitude :40.97689819, Longitude: 28.81459999},2
{ Latitude: 1.35019, Longitude: 103.994003 }, {Latitude :40.97689819, Longitude: 28.81459999},2
{ Latitude: 1.35019, Longitude: 103.994003 }, {Latitude :40.97689819, Longitude: 28.81459999},2
{ Latitude: 1.35019, Longitude: 103.994003 }, {Latitude :40.97689819, Longitude: 28.81459999},2
{ Latitude: 1.35019, Longitude: 103.994003 }, {Latitude :40.97689819, Longitude: 28.81459999},2
{ Latitude: 1.35019, Longitude: 103.994003 }, {Latitude :40.97689819, Longitude: 28.81459999},2
{ Latitude: 1.35019, Longitude: 103.994003 }, {Latitude :40.97689819, Longitude: 28.81459999},2
{ Latitude: 1.35019, Longitude: 103.994003 }, {Latitude :40.97689819, Longitude: 28.81459999},2
{ Latitude: 1.35019, Longitude: 103.994003 }, {Latitude :40.97689819, Longitude: 28.81459999},2
{ Latitude: 1.35019, Longitude: 103.994003 }, {Latitude :40.97689819, Longitude: 28.81459999},2
{ Latitude: 1.35019, Longitude: 103.994003 }, {Latitude :40.97689819, Longitude: 28.81459999},2
{ Latitude: 1.35019, Longitude: 103.994003 }, {Latitude :40.97689819, Longitude: 28.81459999},2
{ Latitude: 1.35019, Longitude: 103.994003 }, {Latitude :40.97689819, Longitude: 28.81459999},2
{ Latitude: 1.35019, Longitude: 103.994003 }, {Latitude :40.97689819, Longitude: 28.81459999},2
{ Latitude: 1.35019, Longitude: 103.994003 }, {Latitude :40.97689819, Longitude: 28.81459999},2
{ Latitude: 1.35019, Longitude: 103.994003 }, {Latitude :40.97689819, Longitude: 28.81459999},2
{ Latitude: 1.35019, Longitude: 103.994003 }, {Latitude :40.97689819, Longitude: 28.81459999},2
{ Latitude: 1.35019, Longitude: 103.994003 }, {Latitude :40.97689819, Longitude: 28.81459999},2
{ Latitude: 1.35019, Longitude: 103.994003 }, {Latitude :40.97689819, Longitude: 28.81459999},2
{ Latitude: 1.35019, Longitude: 103.994003 }, {Latitude :40.97689819, Longitude: 28.81459999},2
{ Latitude: 1.35019, Longitude: 103.994003 }, {Latitude :40.97689819, Longitude: 28.81459999},2
{ Latitude: 1.35019, Longitude: 103.994003 }, {Latitude :40.97689819, Longitude: 28.81459999},2
{ Latitude: 1.35019, Longitude: 103.994003 }, {Latitude :40.97689819, Longitude: 28.81459999},2
{ Latitude: 1.35019, Longitude: 103.994003 }, {Latitude :40.97689819, Longitude: 28.81459999},2
{ Latitude: 1.35019, Longitude: 103.994003 }, {Latitude :40.97689819, Longitude: 28.81459999},2
{ Latitude: 1.35019, Longitude: 103.994003 }, {Latitude :40.97689819, Longitude: 28.81459999},2
{ Latitude: 1.35019, Longitude: 103.994003 }, {Latitude :40.97689819, Longitude: 28.81459999},2
{ Latitude: 1.35019, Longitude: 103.994003 }, {Latitude :40.97689819, Longitude: 28.81459999},2
{ Latitude: 1.35019, Longitude: 103.994003 }, {Latitude :40.97689819, Longitude: 28.81459999},2
{ Latitude: 1.35019, Longitude: 103.994003 }, {Latitude :40.97689819, Longitude: 28.81459999},2
{ Latitude: 1.35019, Longitude: 103.994003 }, {Latitude :40.97689819, Longitude: 28.81459999},2
{ Latitude: 1.35019, Longitude: 103.994003 }, {Latitude :40.97689819, Longitude: 28.81459999},2
{ Latitude: 1.35019, Longitude: 103.994003 }, {Latitude :40.97689819, Longitude: 28.81459999},2
{ Latitude: 1.35019, Longitude: 103.994003 }, {Latitude :40.97689819, Longitude: 28.81459999},2
{ Latitude: 1.35019, Longitude: 103.994003 }, {Latitude :51.505299, Longitude: 0.055278},2
{ Latitude: 1.35019, Longitude: 103.994003 }, {Latitude :51.14810181, Longitude: -0.190277994},2
{ Latitude: 1.35019, Longitude: 103.994003 }, {Latitude :51.14810181, Longitude: -0.190277994},2
{ Latitude: 1.35019, Longitude: 103.994003 }, {Latitude :51.14810181, Longitude: -0.190277994},2
{ Latitude: 1.35019, Longitude: 103.994003 }, {Latitude :51.14810181, Longitude: -0.190277994},2
{ Latitude: 1.35019, Longitude: 103.994003 }, {Latitude :51.14810181, Longitude: -0.190277994},2
{ Latitude: 1.35019, Longitude: 103.994003 }, {Latitude :51.14810181, Longitude: -0.190277994},2
{ Latitude: 1.35019, Longitude: 103.994003 }, {Latitude :51.14810181, Longitude: -0.190277994},2
{ Latitude: 1.35019, Longitude: 103.994003 }, {Latitude :51.14810181, Longitude: -0.190277994},2
{ Latitude: 1.35019, Longitude: 103.994003 }, {Latitude :51.14810181, Longitude: -0.190277994},2
{ Latitude: 1.35019, Longitude: 103.994003 }, {Latitude :51.14810181, Longitude: -0.190277994},2
{ Latitude: 1.35019, Longitude: 103.994003 }, {Latitude :51.14810181, Longitude: -0.190277994},2
{ Latitude: 1.35019, Longitude: 103.994003 }, {Latitude :51.4706, Longitude: -0.461941},2
{ Latitude: 1.35019, Longitude: 103.994003 }, {Latitude :51.4706, Longitude: -0.461941},2
{ Latitude: 1.35019, Longitude: 103.994003 }, {Latitude :51.4706, Longitude: -0.461941},2
{ Latitude: 1.35019, Longitude: 103.994003 }, {Latitude :51.4706, Longitude: -0.461941},2
{ Latitude: 1.35019, Longitude: 103.994003 }, {Latitude :51.4706, Longitude: -0.461941},2
{ Latitude: 1.35019, Longitude: 103.994003 }, {Latitude :51.4706, Longitude: -0.461941},2
{ Latitude: 1.35019, Longitude: 103.994003 }, {Latitude :51.4706, Longitude: -0.461941},2
{ Latitude: 1.35019, Longitude: 103.994003 }, {Latitude :51.4706, Longitude: -0.461941},2
{ Latitude: 1.35019, Longitude: 103.994003 }, {Latitude :51.4706, Longitude: -0.461941},2
{ Latitude: 1.35019, Longitude: 103.994003 }, {Latitude :51.4706, Longitude: -0.461941},2
{ Latitude: 1.35019, Longitude: 103.994003 }, {Latitude :51.4706, Longitude: -0.461941},2
{ Latitude: 1.35019, Longitude: 103.994003 }, {Latitude :51.4706, Longitude: -0.461941},2
{ Latitude: 1.35019, Longitude: 103.994003 }, {Latitude :51.4706, Longitude: -0.461941},2
{ Latitude: 1.35019, Longitude: 103.994003 }, {Latitude :51.4706, Longitude: -0.461941},2
{ Latitude: 1.35019, Longitude: 103.994003 }, {Latitude :51.4706, Longitude: -0.461941},2
{ Latitude: 1.35019, Longitude: 103.994003 }, {Latitude :53.35369873, Longitude: -2.274950027},2
{ Latitude: 1.35019, Longitude: 103.994003 }, {Latitude :53.35369873, Longitude: -2.274950027},2
{ Latitude: 1.35019, Longitude: 103.994003 }, {Latitude :48.13779831, Longitude: 11.69029999},2
{ Latitude: 1.35019, Longitude: 103.994003 }, {Latitude :48.13779831, Longitude: 11.69029999},2
{ Latitude: 1.35019, Longitude: 103.994003 }, {Latitude :48.13779831, Longitude: 11.69029999},2
{ Latitude: 1.35019, Longitude: 103.994003 }, {Latitude :48.13779831, Longitude: 11.69029999},2
{ Latitude: 1.35019, Longitude: 103.994003 }, {Latitude :48.13779831, Longitude: 11.69029999},2
{ Latitude: 1.35019, Longitude: 103.994003 }, {Latitude :48.13779831, Longitude: 11.69029999},2
{ Latitude: 1.35019, Longitude: 103.994003 }, {Latitude :48.13779831, Longitude: 11.69029999},2
{ Latitude: 1.35019, Longitude: 103.994003 }, {Latitude :48.13779831, Longitude: 11.69029999},2
{ Latitude: 1.35019, Longitude: 103.994003 }, {Latitude :48.13779831, Longitude: 11.69029999},2
{ Latitude: 1.35019, Longitude: 103.994003 }, {Latitude :48.13779831, Longitude: 11.69029999},2
{ Latitude: 1.35019, Longitude: 103.994003 }, {Latitude :48.13779831, Longitude: 11.69029999},2
{ Latitude: 1.35019, Longitude: 103.994003 }, {Latitude :48.13779831, Longitude: 11.69029999},2
{ Latitude: 1.35019, Longitude: 103.994003 }, {Latitude :48.13779831, Longitude: 11.69029999},2
{ Latitude: 1.35019, Longitude: 103.994003 }, {Latitude :48.13779831, Longitude: 11.69029999},2
{ Latitude: 1.35019, Longitude: 103.994003 }, {Latitude :48.13779831, Longitude: 11.69029999},2
{ Latitude: 1.35019, Longitude: 103.994003 }, {Latitude :48.13779831, Longitude: 11.69029999},2
{ Latitude: 1.35019, Longitude: 103.994003 }, {Latitude :48.13779831, Longitude: 11.69029999},2
{ Latitude: 1.35019, Longitude: 103.994003 }, {Latitude :48.13779831, Longitude: 11.69029999},2
{ Latitude: 1.35019, Longitude: 103.994003 }, {Latitude :48.13779831, Longitude: 11.69029999},2
{ Latitude: 1.35019, Longitude: 103.994003 }, {Latitude :45.6306, Longitude: 8.72811},2
{ Latitude: 1.35019, Longitude: 103.994003 }, {Latitude :40.89860153, Longitude: 29.30920029},2
{ Latitude: 1.35019, Longitude: 103.994003 }, {Latitude :40.89860153, Longitude: 29.30920029},2
{ Latitude: 1.35019, Longitude: 103.994003 }, {Latitude :40.89860153, Longitude: 29.30920029},2
{ Latitude: 1.35019, Longitude: 103.994003 }, {Latitude :40.89860153, Longitude: 29.30920029},2
{ Latitude: 1.35019, Longitude: 103.994003 }, {Latitude :40.89860153, Longitude: 29.30920029},2
{ Latitude: 1.35019, Longitude: 103.994003 }, {Latitude :51.88499832, Longitude: 0.234999999},2
{ Latitude: 1.35019, Longitude: 103.994003 }, {Latitude :47.464699, Longitude: 8.54917},2
{ Latitude: 1.35019, Longitude: 103.994003 }, {Latitude :47.464699, Longitude: 8.54917},2
{ Latitude: 1.35019, Longitude: 103.994003 }, {Latitude :47.464699, Longitude: 8.54917},2
{ Latitude: 1.35019, Longitude: 103.994003 }, {Latitude :47.464699, Longitude: 8.54917},2
{ Latitude: 1.35019, Longitude: 103.994003 }, {Latitude :47.464699, Longitude: 8.54917},2
{ Latitude: 1.35019, Longitude: 103.994003 }, {Latitude :47.464699, Longitude: 8.54917},2
{ Latitude: 1.35019, Longitude: 103.994003 }, {Latitude :47.464699, Longitude: 8.54917},2
{ Latitude: 1.35019, Longitude: 103.994003 }, {Latitude :47.464699, Longitude: 8.54917},2
{ Latitude: 1.35019, Longitude: 103.994003 }, {Latitude :47.464699, Longitude: 8.54917},2
{ Latitude: 1.35019, Longitude: 103.994003 }, {Latitude :47.464699, Longitude: 8.54917},2
{ Latitude: 1.35019, Longitude: 103.994003 }, {Latitude :47.464699, Longitude: 8.54917},2
{ Latitude: 1.35019, Longitude: 103.994003 }, {Latitude :47.464699, Longitude: 8.54917},2
{ Latitude: 1.35019, Longitude: 103.994003 }, {Latitude :47.464699, Longitude: 8.54917},2
{ Latitude: 1.35019, Longitude: 103.994003 }, {Latitude :47.464699, Longitude: 8.54917},2
{ Latitude: 1.35019, Longitude: 103.994003 }, {Latitude :47.464699, Longitude: 8.54917},2
{ Latitude: 1.35019, Longitude: 103.994003 }, {Latitude :47.464699, Longitude: 8.54917},2
{ Latitude: 1.35019, Longitude: 103.994003 }, {Latitude :47.464699, Longitude: 8.54917},2
{ Latitude: 1.35019, Longitude: 103.994003 }, {Latitude :47.464699, Longitude: 8.54917},2
{ Latitude: 1.35019, Longitude: 103.994003 }, {Latitude :47.464699, Longitude: 8.54917},2
{ Latitude: 1.35019, Longitude: 103.994003 }, {Latitude :47.464699, Longitude: 8.54917},2
{ Latitude: 1.35019, Longitude: 103.994003 }, {Latitude :47.464699, Longitude: 8.54917},2
{ Latitude: 1.35019, Longitude: 103.994003 }, {Latitude :47.464699, Longitude: 8.54917},2
{ Latitude: 1.35019, Longitude: 103.994003 }, {Latitude :47.464699, Longitude: 8.54917},2
{ Latitude: 1.35019, Longitude: 103.994003 }, {Latitude :47.464699, Longitude: 8.54917},2
{ Latitude: 1.35019, Longitude: 103.994003 }, {Latitude :47.464699, Longitude: 8.54917},2
{ Latitude: 1.35019, Longitude: 103.994003 }, {Latitude :47.464699, Longitude: 8.54917},2
{ Latitude: 1.35019, Longitude: 103.994003 }, {Latitude :47.464699, Longitude: 8.54917},2
{ Latitude: 1.35019, Longitude: 103.994003 }, {Latitude :47.464699, Longitude: 8.54917},2
{ Latitude: 1.35019, Longitude: 103.994003 }, {Latitude :47.464699, Longitude: 8.54917},2
{ Latitude: 1.35019, Longitude: 103.994003 }, {Latitude :47.464699, Longitude: 8.54917},2
{ Latitude: 1.35019, Longitude: 103.994003 }, {Latitude :47.464699, Longitude: 8.54917},2
{ Latitude: 1.35019, Longitude: 103.994003 }, {Latitude :47.464699, Longitude: 8.54917},2
{ Latitude: 1.35019, Longitude: 103.994003 }, {Latitude :47.464699, Longitude: 8.54917},2
{ Latitude: 1.35019, Longitude: 103.994003 }, {Latitude :47.464699, Longitude: 8.54917},2
{ Latitude: 1.35019, Longitude: 103.994003 }, {Latitude :47.464699, Longitude: 8.54917},2
{ Latitude: 1.35019, Longitude: 103.994003 }, {Latitude :47.464699, Longitude: 8.54917},2
{ Latitude: 1.35019, Longitude: 103.994003 }, {Latitude :47.464699, Longitude: 8.54917},2
{ Latitude: 1.35019, Longitude: 103.994003 }, {Latitude :47.464699, Longitude: 8.54917},2
{ Latitude: 1.35019, Longitude: 103.994003 }, {Latitude :47.464699, Longitude: 8.54917},2
{ Latitude: -33.94609833, Longitude: 151.177002 }, {Latitude :24.43300056, Longitude: 54.65110016},2
{ Latitude: -33.94609833, Longitude: 151.177002 }, {Latitude :24.43300056, Longitude: 54.65110016},2
{ Latitude: -33.94609833, Longitude: 151.177002 }, {Latitude :24.43300056, Longitude: 54.65110016},2
{ Latitude: -33.94609833, Longitude: 151.177002 }, {Latitude :24.43300056, Longitude: 54.65110016},2
{ Latitude: -33.94609833, Longitude: 151.177002 }, {Latitude :24.43300056, Longitude: 54.65110016},2
{ Latitude: -33.94609833, Longitude: 151.177002 }, {Latitude :24.43300056, Longitude: 54.65110016},2
{ Latitude: -33.94609833, Longitude: 151.177002 }, {Latitude :24.43300056, Longitude: 54.65110016},2
{ Latitude: -33.94609833, Longitude: 151.177002 }, {Latitude :24.43300056, Longitude: 54.65110016},2
{ Latitude: -33.94609833, Longitude: 151.177002 }, {Latitude :24.43300056, Longitude: 54.65110016},2
{ Latitude: -33.94609833, Longitude: 151.177002 }, {Latitude :24.43300056, Longitude: 54.65110016},2
{ Latitude: -33.94609833, Longitude: 151.177002 }, {Latitude :24.43300056, Longitude: 54.65110016},2
{ Latitude: -33.94609833, Longitude: 151.177002 }, {Latitude :24.43300056, Longitude: 54.65110016},2
{ Latitude: -33.94609833, Longitude: 151.177002 }, {Latitude :24.43300056, Longitude: 54.65110016},2
{ Latitude: -33.94609833, Longitude: 151.177002 }, {Latitude :24.43300056, Longitude: 54.65110016},2
{ Latitude: -33.94609833, Longitude: 151.177002 }, {Latitude :24.43300056, Longitude: 54.65110016},2
{ Latitude: -33.94609833, Longitude: 151.177002 }, {Latitude :24.43300056, Longitude: 54.65110016},2
{ Latitude: -33.94609833, Longitude: 151.177002 }, {Latitude :24.43300056, Longitude: 54.65110016},2
{ Latitude: -33.94609833, Longitude: 151.177002 }, {Latitude :24.43300056, Longitude: 54.65110016},2
{ Latitude: -33.94609833, Longitude: 151.177002 }, {Latitude :24.43300056, Longitude: 54.65110016},2
{ Latitude: -33.94609833, Longitude: 151.177002 }, {Latitude :24.43300056, Longitude: 54.65110016},2
{ Latitude: -33.94609833, Longitude: 151.177002 }, {Latitude :13.68109989, Longitude: 100.7470016},2
{ Latitude: -33.94609833, Longitude: 151.177002 }, {Latitude :13.68109989, Longitude: 100.7470016},2
{ Latitude: -33.94609833, Longitude: 151.177002 }, {Latitude :13.68109989, Longitude: 100.7470016},2
{ Latitude: -33.94609833, Longitude: 151.177002 }, {Latitude :13.68109989, Longitude: 100.7470016},2
{ Latitude: -33.94609833, Longitude: 151.177002 }, {Latitude :13.68109989, Longitude: 100.7470016},2
{ Latitude: -33.94609833, Longitude: 151.177002 }, {Latitude :13.68109989, Longitude: 100.7470016},2
{ Latitude: -33.94609833, Longitude: 151.177002 }, {Latitude :13.68109989, Longitude: 100.7470016},2
{ Latitude: -33.94609833, Longitude: 151.177002 }, {Latitude :13.68109989, Longitude: 100.7470016},2
{ Latitude: -33.94609833, Longitude: 151.177002 }, {Latitude :13.68109989, Longitude: 100.7470016},2
{ Latitude: -33.94609833, Longitude: 151.177002 }, {Latitude :13.68109989, Longitude: 100.7470016},2
{ Latitude: -33.94609833, Longitude: 151.177002 }, {Latitude :23.39240074, Longitude: 113.2990036},2
{ Latitude: -33.94609833, Longitude: 151.177002 }, {Latitude :23.39240074, Longitude: 113.2990036},2
{ Latitude: -33.94609833, Longitude: 151.177002 }, {Latitude :23.39240074, Longitude: 113.2990036},2
{ Latitude: -33.94609833, Longitude: 151.177002 }, {Latitude :23.39240074, Longitude: 113.2990036},2
{ Latitude: -33.94609833, Longitude: 151.177002 }, {Latitude :23.39240074, Longitude: 113.2990036},2
{ Latitude: -33.94609833, Longitude: 151.177002 }, {Latitude :23.39240074, Longitude: 113.2990036},2
{ Latitude: -33.94609833, Longitude: 151.177002 }, {Latitude :23.39240074, Longitude: 113.2990036},2
{ Latitude: -33.94609833, Longitude: 151.177002 }, {Latitude :23.39240074, Longitude: 113.2990036},2
{ Latitude: -33.94609833, Longitude: 151.177002 }, {Latitude :23.39240074, Longitude: 113.2990036},2
{ Latitude: -33.94609833, Longitude: 151.177002 }, {Latitude :23.39240074, Longitude: 113.2990036},2
{ Latitude: -33.94609833, Longitude: 151.177002 }, {Latitude :23.39240074, Longitude: 113.2990036},2
{ Latitude: -33.94609833, Longitude: 151.177002 }, {Latitude :23.39240074, Longitude: 113.2990036},2
{ Latitude: -33.94609833, Longitude: 151.177002 }, {Latitude :23.39240074, Longitude: 113.2990036},2
{ Latitude: -33.94609833, Longitude: 151.177002 }, {Latitude :32.89680099, Longitude: -97.03800201},2
{ Latitude: -33.94609833, Longitude: 151.177002 }, {Latitude :32.89680099, Longitude: -97.03800201},2
{ Latitude: -33.94609833, Longitude: 151.177002 }, {Latitude :32.89680099, Longitude: -97.03800201},2
{ Latitude: -33.94609833, Longitude: 151.177002 }, {Latitude :32.89680099, Longitude: -97.03800201},2
{ Latitude: -33.94609833, Longitude: 151.177002 }, {Latitude :32.89680099, Longitude: -97.03800201},2
{ Latitude: -33.94609833, Longitude: 151.177002 }, {Latitude :32.89680099, Longitude: -97.03800201},2
{ Latitude: -33.94609833, Longitude: 151.177002 }, {Latitude :32.89680099, Longitude: -97.03800201},2
{ Latitude: -33.94609833, Longitude: 151.177002 }, {Latitude :32.89680099, Longitude: -97.03800201},2
{ Latitude: -33.94609833, Longitude: 151.177002 }, {Latitude :32.89680099, Longitude: -97.03800201},2
{ Latitude: -33.94609833, Longitude: 151.177002 }, {Latitude :32.89680099, Longitude: -97.03800201},2
{ Latitude: -33.94609833, Longitude: 151.177002 }, {Latitude :32.89680099, Longitude: -97.03800201},2
{ Latitude: -33.94609833, Longitude: 151.177002 }, {Latitude :32.89680099, Longitude: -97.03800201},2
{ Latitude: -33.94609833, Longitude: 151.177002 }, {Latitude :32.89680099, Longitude: -97.03800201},2
{ Latitude: -33.94609833, Longitude: 151.177002 }, {Latitude :32.89680099, Longitude: -97.03800201},2
{ Latitude: -33.94609833, Longitude: 151.177002 }, {Latitude :32.89680099, Longitude: -97.03800201},2
{ Latitude: -33.94609833, Longitude: 151.177002 }, {Latitude :32.89680099, Longitude: -97.03800201},2
{ Latitude: -33.94609833, Longitude: 151.177002 }, {Latitude :32.89680099, Longitude: -97.03800201},2
{ Latitude: -33.94609833, Longitude: 151.177002 }, {Latitude :32.89680099, Longitude: -97.03800201},2
{ Latitude: -33.94609833, Longitude: 151.177002 }, {Latitude :32.89680099, Longitude: -97.03800201},2
{ Latitude: -33.94609833, Longitude: 151.177002 }, {Latitude :32.89680099, Longitude: -97.03800201},2
{ Latitude: -33.94609833, Longitude: 151.177002 }, {Latitude :32.89680099, Longitude: -97.03800201},2
{ Latitude: -33.94609833, Longitude: 151.177002 }, {Latitude :32.89680099, Longitude: -97.03800201},2
{ Latitude: -33.94609833, Longitude: 151.177002 }, {Latitude :25.25279999, Longitude: 55.36439896},2
{ Latitude: -33.94609833, Longitude: 151.177002 }, {Latitude :25.25279999, Longitude: 55.36439896},2
{ Latitude: -33.94609833, Longitude: 151.177002 }, {Latitude :25.25279999, Longitude: 55.36439896},2
{ Latitude: -33.94609833, Longitude: 151.177002 }, {Latitude :25.25279999, Longitude: 55.36439896},2
{ Latitude: -33.94609833, Longitude: 151.177002 }, {Latitude :25.25279999, Longitude: 55.36439896},2
{ Latitude: -33.94609833, Longitude: 151.177002 }, {Latitude :21.32062, Longitude: -157.924228},2
{ Latitude: -33.94609833, Longitude: 151.177002 }, {Latitude :21.32062, Longitude: -157.924228},2
{ Latitude: -33.94609833, Longitude: 151.177002 }, {Latitude :21.32062, Longitude: -157.924228},2
{ Latitude: -33.94609833, Longitude: 151.177002 }, {Latitude :25.1019444, Longitude: 102.9291667},2
{ Latitude: -33.94609833, Longitude: 151.177002 }, {Latitude :25.1019444, Longitude: 102.9291667},2
{ Latitude: -33.94609833, Longitude: 151.177002 }, {Latitude :25.1019444, Longitude: 102.9291667},2
{ Latitude: -33.94609833, Longitude: 151.177002 }, {Latitude :25.1019444, Longitude: 102.9291667},2
{ Latitude: -33.94609833, Longitude: 151.177002 }, {Latitude :25.1019444, Longitude: 102.9291667},2
{ Latitude: -33.94609833, Longitude: 151.177002 }, {Latitude :25.1019444, Longitude: 102.9291667},2
{ Latitude: -33.94609833, Longitude: 151.177002 }, {Latitude :25.1019444, Longitude: 102.9291667},2
{ Latitude: -33.94609833, Longitude: 151.177002 }, {Latitude :25.1019444, Longitude: 102.9291667},2
{ Latitude: -33.94609833, Longitude: 151.177002 }, {Latitude :25.1019444, Longitude: 102.9291667},2
{ Latitude: -33.94609833, Longitude: 151.177002 }, {Latitude :25.1019444, Longitude: 102.9291667},2
{ Latitude: -33.94609833, Longitude: 151.177002 }, {Latitude :33.94250107, Longitude: -118.4079971},2
{ Latitude: -33.94609833, Longitude: 151.177002 }, {Latitude :33.94250107, Longitude: -118.4079971},2
{ Latitude: -33.94609833, Longitude: 151.177002 }, {Latitude :33.94250107, Longitude: -118.4079971},2
{ Latitude: -33.94609833, Longitude: 151.177002 }, {Latitude :33.94250107, Longitude: -118.4079971},2
{ Latitude: -33.94609833, Longitude: 151.177002 }, {Latitude :33.94250107, Longitude: -118.4079971},2
{ Latitude: -33.94609833, Longitude: 151.177002 }, {Latitude :35.76470184, Longitude: 140.3860016},2
{ Latitude: -33.94609833, Longitude: 151.177002 }, {Latitude :31.14340019, Longitude: 121.8050003},2
{ Latitude: -33.94609833, Longitude: 151.177002 }, {Latitude :31.14340019, Longitude: 121.8050003},2
{ Latitude: -33.94609833, Longitude: 151.177002 }, {Latitude :31.14340019, Longitude: 121.8050003},2
{ Latitude: -33.94609833, Longitude: 151.177002 }, {Latitude :31.14340019, Longitude: 121.8050003},2
{ Latitude: -33.94609833, Longitude: 151.177002 }, {Latitude :31.14340019, Longitude: 121.8050003},2
{ Latitude: -33.94609833, Longitude: 151.177002 }, {Latitude :31.14340019, Longitude: 121.8050003},2
{ Latitude: -33.94609833, Longitude: 151.177002 }, {Latitude :31.14340019, Longitude: 121.8050003},2
{ Latitude: -33.94609833, Longitude: 151.177002 }, {Latitude :31.14340019, Longitude: 121.8050003},2
{ Latitude: -33.94609833, Longitude: 151.177002 }, {Latitude :31.14340019, Longitude: 121.8050003},2
{ Latitude: -33.94609833, Longitude: 151.177002 }, {Latitude :31.14340019, Longitude: 121.8050003},2
{ Latitude: -33.94609833, Longitude: 151.177002 }, {Latitude :31.14340019, Longitude: 121.8050003},2
{ Latitude: -33.94609833, Longitude: 151.177002 }, {Latitude :31.14340019, Longitude: 121.8050003},2
{ Latitude: -33.94609833, Longitude: 151.177002 }, {Latitude :31.14340019, Longitude: 121.8050003},2
{ Latitude: -33.94609833, Longitude: 151.177002 }, {Latitude :31.14340019, Longitude: 121.8050003},2
{ Latitude: -33.94609833, Longitude: 151.177002 }, {Latitude :31.14340019, Longitude: 121.8050003},2
{ Latitude: -33.94609833, Longitude: 151.177002 }, {Latitude :31.14340019, Longitude: 121.8050003},2
{ Latitude: -33.94609833, Longitude: 151.177002 }, {Latitude :31.14340019, Longitude: 121.8050003},2
{ Latitude: -33.94609833, Longitude: 151.177002 }, {Latitude :31.14340019, Longitude: 121.8050003},2
{ Latitude: -33.94609833, Longitude: 151.177002 }, {Latitude :31.14340019, Longitude: 121.8050003},2
{ Latitude: -33.94609833, Longitude: 151.177002 }, {Latitude :31.14340019, Longitude: 121.8050003},2
{ Latitude: -33.94609833, Longitude: 151.177002 }, {Latitude :31.14340019, Longitude: 121.8050003},2
{ Latitude: -33.94609833, Longitude: 151.177002 }, {Latitude :31.14340019, Longitude: 121.8050003},2
{ Latitude: -33.94609833, Longitude: 151.177002 }, {Latitude :31.14340019, Longitude: 121.8050003},2
{ Latitude: -33.94609833, Longitude: 151.177002 }, {Latitude :-33.39300156, Longitude: -70.78579712},2
{ Latitude: -33.94609833, Longitude: 151.177002 }, {Latitude :-33.39300156, Longitude: -70.78579712},2
{ Latitude: -33.94609833, Longitude: 151.177002 }, {Latitude :-33.39300156, Longitude: -70.78579712},2
{ Latitude: -33.94609833, Longitude: 151.177002 }, {Latitude :-33.39300156, Longitude: -70.78579712},2
{ Latitude: -33.94609833, Longitude: 151.177002 }, {Latitude :-33.39300156, Longitude: -70.78579712},2
{ Latitude: -33.94609833, Longitude: 151.177002 }, {Latitude :-33.39300156, Longitude: -70.78579712},2
{ Latitude: -33.94609833, Longitude: 151.177002 }, {Latitude :-33.39300156, Longitude: -70.78579712},2
{ Latitude: -33.94609833, Longitude: 151.177002 }, {Latitude :-33.39300156, Longitude: -70.78579712},2
{ Latitude: -33.94609833, Longitude: 151.177002 }, {Latitude :-33.39300156, Longitude: -70.78579712},2
{ Latitude: -33.94609833, Longitude: 151.177002 }, {Latitude :-33.39300156, Longitude: -70.78579712},2
{ Latitude: -33.94609833, Longitude: 151.177002 }, {Latitude :-33.39300156, Longitude: -70.78579712},2
{ Latitude: -33.94609833, Longitude: 151.177002 }, {Latitude :-33.39300156, Longitude: -70.78579712},2
{ Latitude: -33.94609833, Longitude: 151.177002 }, {Latitude :-33.39300156, Longitude: -70.78579712},2
{ Latitude: -33.94609833, Longitude: 151.177002 }, {Latitude :-33.39300156, Longitude: -70.78579712},2
{ Latitude: -33.94609833, Longitude: 151.177002 }, {Latitude :-33.39300156, Longitude: -70.78579712},2
{ Latitude: -33.94609833, Longitude: 151.177002 }, {Latitude :37.61899948, Longitude: -122.375},2
{ Latitude: -33.94609833, Longitude: 151.177002 }, {Latitude :37.61899948, Longitude: -122.375},2
{ Latitude: -33.94609833, Longitude: 151.177002 }, {Latitude :31.19790077, Longitude: 121.3359985},2
{ Latitude: -33.94609833, Longitude: 151.177002 }, {Latitude :1.35019, Longitude: 103.994003},2
{ Latitude: -33.94609833, Longitude: 151.177002 }, {Latitude :49.19390106, Longitude: -123.1839981},2
{ Latitude: -33.94609833, Longitude: 151.177002 }, {Latitude :49.19390106, Longitude: -123.1839981},2
{ Latitude: -33.94609833, Longitude: 151.177002 }, {Latitude :49.19390106, Longitude: -123.1839981},2
{ Latitude: -33.94609833, Longitude: 151.177002 }, {Latitude :49.19390106, Longitude: -123.1839981},2
{ Latitude: -33.94609833, Longitude: 151.177002 }, {Latitude :49.19390106, Longitude: -123.1839981},2
{ Latitude: -33.94609833, Longitude: 151.177002 }, {Latitude :49.19390106, Longitude: -123.1839981},2
{ Latitude: -27.558332, Longitude: 151.793335 }, {Latitude :-28.04969978, Longitude: 148.5950012},2
